,idEvent,strEvent,Ball Possession Home,Blocked Shots Home,Corner Kicks Home,Fouls Home,Goalkeeper Saves Home,Offsides Home,Passes % Home,Passes accurate Home,Red Cards Home,Shots insidebox Home,Shots off Goal Home,Shots on Goal Home,Shots outsidebox Home,Total passes Home,Total Shots Home,Yellow Cards Home,Ball Possession Away,Blocked Shots Away,Corner Kicks Away,Fouls Away,Goalkeeper Saves Away,Offsides Away,Passes % Away,Passes accurate Away,Red Cards Away,Shots insidebox Away,Shots off Goal Away,Shots on Goal Away,Shots outsidebox Away,Total passes Away,Total Shots Away,Yellow Cards Away
0,1032693,Crystal Palace vs Southampton,29.0,0.0,7.0,14.0,5.0,4.0,52.0,122.0,0.0,5.0,2.0,3.0,0.0,236.0,5.0,2.0,71.0,1.0,3.0,11.0,2.0,0.0,79.0,458.0,0.0,7.0,3.0,5.0,2.0,580.0,9.0,1.0
1,1032694,Fulham vs Arsenal,45.0,1.0,2.0,12.0,2.0,2.0,88.0,461.0,0.0,1.0,2.0,2.0,4.0,523.0,5.0,2.0,55.0,3.0,3.0,12.0,2.0,2.0,90.0,562.0,0.0,9.0,4.0,6.0,4.0,626.0,13.0,2.0
2,1032695,Liverpool vs Leeds,48.0,13.0,9.0,9.0,0.0,2.0,76.0,328.0,0.0,17.0,3.0,6.0,5.0,432.0,22.0,1.0,52.0,2.0,0.0,6.0,3.0,5.0,76.0,347.0,0.0,4.0,1.0,3.0,2.0,459.0,6.0,0.0
3,1032697,Tottenham vs Everton,51.0,3.0,5.0,15.0,3.0,0.0,85.0,470.0,0.0,8.0,1.0,5.0,1.0,552.0,9.0,1.0,49.0,4.0,3.0,7.0,5.0,1.0,85.0,450.0,0.0,10.0,7.0,4.0,5.0,529.0,15.0,0.0
4,1032698,West Brom vs Leicester,35.0,3.0,2.0,12.0,4.0,4.0,76.0,255.0,0.0,3.0,3.0,1.0,4.0,336.0,7.0,1.0,65.0,3.0,5.0,9.0,1.0,3.0,85.0,511.0,0.0,11.0,3.0,7.0,2.0,604.0,13.0,1.0
5,1032699,West Ham vs Newcastle,58.0,7.0,8.0,13.0,0.0,2.0,83.0,393.0,0.0,10.0,5.0,3.0,5.0,474.0,15.0,2.0,42.0,6.0,7.0,7.0,3.0,4.0,78.0,266.0,0.0,10.0,7.0,2.0,5.0,342.0,15.0,2.0
6,1032700,Brighton vs Chelsea,52.0,4.0,4.0,8.0,2.0,0.0,82.0,414.0,0.0,7.0,6.0,3.0,6.0,507.0,13.0,1.0,48.0,3.0,3.0,13.0,2.0,3.0,83.0,387.0,0.0,7.0,2.0,5.0,3.0,465.0,10.0,0.0
7,1032701,Sheffield United vs Wolves,55.0,2.0,12.0,13.0,2.0,4.0,81.0,373.0,0.0,8.0,5.0,2.0,1.0,460.0,9.0,2.0,45.0,2.0,5.0,7.0,1.0,0.0,79.0,307.0,0.0,7.0,5.0,4.0,4.0,391.0,11.0,1.0
8,1032702,Arsenal vs West Ham,62.0,3.0,7.0,11.0,2.0,5.0,86.0,573.0,0.0,5.0,1.0,3.0,2.0,664.0,7.0,0.0,38.0,5.0,5.0,13.0,1.0,2.0,82.0,309.0,0.0,7.0,6.0,3.0,7.0,377.0,14.0,1.0
9,1032703,Aston Villa vs Sheffield United,72.0,5.0,10.0,12.0,1.0,1.0,88.0,481.0,0.0,11.0,11.0,2.0,7.0,549.0,18.0,3.0,28.0,1.0,4.0,12.0,1.0,0.0,60.0,129.0,1.0,3.0,2.0,1.0,1.0,216.0,4.0,1.0
10,1032704,Chelsea vs Liverpool,38.0,0.0,1.0,10.0,3.0,1.0,84.0,412.0,1.0,3.0,2.0,3.0,2.0,488.0,5.0,0.0,62.0,3.0,11.0,6.0,3.0,1.0,89.0,684.0,0.0,9.0,7.0,6.0,7.0,768.0,16.0,0.0
11,1032705,Everton vs West Brom,71.0,5.0,11.0,9.0,2.0,1.0,90.0,705.0,0.0,13.0,5.0,7.0,4.0,782.0,17.0,1.0,29.0,1.0,1.0,11.0,2.0,1.0,78.0,243.0,1.0,2.0,1.0,4.0,4.0,310.0,6.0,0.0
12,1032706,Leeds vs Fulham,50.0,1.0,5.0,13.0,3.0,3.0,75.0,321.0,0.0,8.0,2.0,7.0,2.0,429.0,10.0,1.0,50.0,3.0,3.0,17.0,3.0,0.0,81.0,347.0,0.0,7.0,5.0,6.0,7.0,427.0,14.0,2.0
13,1032707,Leicester vs Burnley,67.0,6.0,15.0,11.0,3.0,0.0,85.0,526.0,0.0,11.0,2.0,6.0,3.0,621.0,14.0,1.0,33.0,3.0,4.0,13.0,3.0,1.0,68.0,199.0,0.0,11.0,8.0,5.0,5.0,292.0,16.0,2.0
14,1032708,Man United vs Crystal Palace,76.0,9.0,9.0,13.0,2.0,1.0,86.0,602.0,0.0,7.0,4.0,4.0,10.0,697.0,17.0,2.0,24.0,4.0,3.0,9.0,3.0,2.0,61.0,135.0,0.0,9.0,5.0,5.0,5.0,220.0,14.0,1.0
15,1032709,Newcastle vs Brighton,46.0,2.0,7.0,16.0,4.0,1.0,76.0,289.0,0.0,3.0,4.0,0.0,3.0,379.0,6.0,3.0,54.0,1.0,1.0,15.0,0.0,2.0,81.0,359.0,1.0,6.0,6.0,6.0,7.0,443.0,13.0,0.0
16,1032710,Southampton vs Tottenham,53.0,2.0,3.0,16.0,1.0,2.0,77.0,357.0,0.0,9.0,5.0,7.0,5.0,464.0,14.0,4.0,47.0,2.0,2.0,18.0,5.0,6.0,72.0,296.0,0.0,7.0,1.0,6.0,2.0,409.0,9.0,3.0
17,1032711,Wolves vs Man City,34.0,4.0,4.0,6.0,6.0,3.0,78.0,276.0,0.0,6.0,5.0,1.0,4.0,355.0,10.0,0.0,66.0,2.0,6.0,8.0,0.0,3.0,87.0,598.0,0.0,8.0,3.0,9.0,6.0,686.0,14.0,3.0
18,1032712,Brighton vs Man United,53.0,4.0,7.0,18.0,1.0,1.0,85.0,407.0,0.0,12.0,9.0,5.0,6.0,481.0,18.0,4.0,47.0,3.0,1.0,16.0,3.0,4.0,83.0,360.0,0.0,6.0,1.0,3.0,1.0,432.0,7.0,2.0
19,1032713,Burnley vs Southampton,53.0,4.0,8.0,8.0,2.0,2.0,80.0,390.0,0.0,5.0,4.0,2.0,5.0,475.0,10.0,1.0,47.0,2.0,2.0,10.0,3.0,1.0,79.0,354.0,0.0,3.0,2.0,1.0,2.0,440.0,5.0,0.0
20,1032718,Sheffield United vs Leeds,36.0,5.0,5.0,18.0,7.0,2.0,71.0,232.0,0.0,10.0,5.0,5.0,5.0,325.0,15.0,2.0,64.0,3.0,7.0,4.0,5.0,1.0,81.0,463.0,0.0,9.0,5.0,9.0,8.0,570.0,17.0,1.0
21,1032719,Tottenham vs Newcastle,66.0,4.0,10.0,15.0,0.0,0.0,88.0,565.0,0.0,15.0,7.0,12.0,8.0,640.0,23.0,1.0,34.0,3.0,4.0,9.0,11.0,1.0,77.0,244.0,0.0,4.0,2.0,1.0,2.0,317.0,6.0,4.0
22,1032722,Arsenal vs Sheffield United,64.0,1.0,2.0,3.0,1.0,0.0,89.0,619.0,0.0,5.0,0.0,5.0,1.0,697.0,6.0,0.0,36.0,2.0,4.0,9.0,3.0,3.0,79.0,293.0,0.0,1.0,2.0,2.0,5.0,371.0,6.0,1.0
23,1032723,Aston Villa vs Liverpool,30.0,3.0,2.0,7.0,6.0,2.0,68.0,193.0,0.0,13.0,4.0,11.0,5.0,283.0,18.0,2.0,70.0,5.0,7.0,10.0,4.0,1.0,85.0,529.0,0.0,10.0,1.0,8.0,4.0,626.0,14.0,1.0
24,1032724,Chelsea vs Crystal Palace,71.0,5.0,8.0,17.0,0.0,1.0,90.0,629.0,0.0,12.0,6.0,6.0,5.0,699.0,17.0,2.0,29.0,2.0,5.0,13.0,2.0,0.0,74.0,203.0,0.0,2.0,2.0,0.0,2.0,274.0,4.0,0.0
25,1032725,Everton vs Brighton,43.0,3.0,3.0,13.0,1.0,0.0,85.0,391.0,0.0,6.0,2.0,6.0,5.0,459.0,11.0,0.0,57.0,5.0,10.0,14.0,2.0,2.0,86.0,513.0,0.0,6.0,3.0,3.0,5.0,600.0,11.0,1.0
26,1032726,Leeds vs Man City,52.0,3.0,7.0,11.0,1.0,2.0,83.0,349.0,0.0,11.0,2.0,7.0,1.0,423.0,12.0,2.0,48.0,7.0,10.0,12.0,6.0,3.0,82.0,313.0,0.0,16.0,14.0,2.0,7.0,380.0,23.0,1.0
27,1032727,Leicester vs West Ham,69.0,2.0,6.0,11.0,3.0,4.0,85.0,568.0,0.0,3.0,2.0,0.0,1.0,670.0,4.0,2.0,31.0,3.0,4.0,8.0,0.0,2.0,70.0,205.0,0.0,12.0,5.0,6.0,2.0,291.0,14.0,2.0
28,1032728,Man United vs Tottenham,38.0,1.0,2.0,14.0,2.0,1.0,83.0,335.0,1.0,2.0,2.0,2.0,3.0,405.0,5.0,2.0,62.0,8.0,4.0,10.0,1.0,0.0,90.0,599.0,0.0,16.0,6.0,8.0,6.0,666.0,22.0,1.0
29,1032729,Newcastle vs Burnley,47.0,1.0,3.0,13.0,2.0,4.0,75.0,307.0,0.0,6.0,4.0,5.0,4.0,411.0,10.0,2.0,53.0,2.0,4.0,17.0,2.0,5.0,74.0,333.0,0.0,7.0,2.0,4.0,1.0,448.0,8.0,3.0
30,1032730,Southampton vs West Brom,61.0,1.0,5.0,19.0,3.0,1.0,77.0,401.0,0.0,8.0,5.0,7.0,5.0,518.0,13.0,2.0,39.0,2.0,1.0,10.0,6.0,1.0,68.0,218.0,0.0,3.0,1.0,2.0,2.0,320.0,5.0,1.0
31,1032731,Wolves vs Fulham,47.0,6.0,6.0,15.0,2.0,0.0,85.0,398.0,0.0,7.0,3.0,5.0,7.0,467.0,14.0,1.0,53.0,3.0,2.0,8.0,4.0,0.0,89.0,455.0,0.0,7.0,5.0,2.0,3.0,514.0,10.0,1.0
32,1032732,Chelsea vs Southampton,52.0,3.0,6.0,11.0,3.0,3.0,82.0,459.0,0.0,11.0,3.0,5.0,0.0,561.0,11.0,1.0,48.0,2.0,2.0,9.0,2.0,1.0,76.0,378.0,0.0,8.0,5.0,6.0,5.0,500.0,13.0,1.0
33,1032733,Crystal Palace vs Brighton,34.0,0.0,2.0,13.0,2.0,1.0,69.0,192.0,0.0,1.0,0.0,1.0,0.0,279.0,1.0,3.0,66.0,7.0,5.0,12.0,0.0,2.0,83.0,445.0,1.0,11.0,9.0,3.0,8.0,539.0,19.0,2.0
34,1032734,Everton vs Liverpool,42.0,1.0,2.0,15.0,6.0,2.0,75.0,283.0,1.0,6.0,5.0,5.0,5.0,376.0,11.0,3.0,58.0,6.0,5.0,9.0,3.0,3.0,83.0,426.0,0.0,15.0,8.0,8.0,7.0,512.0,22.0,2.0
35,1032735,Leeds vs Wolves,67.0,4.0,8.0,13.0,2.0,1.0,84.0,458.0,0.0,13.0,7.0,2.0,0.0,548.0,13.0,2.0,33.0,3.0,3.0,12.0,2.0,2.0,68.0,182.0,0.0,4.0,1.0,3.0,3.0,267.0,7.0,1.0
36,1032736,Leicester vs Aston Villa,50.0,4.0,2.0,18.0,3.0,2.0,75.0,308.0,0.0,6.0,2.0,5.0,5.0,409.0,11.0,4.0,50.0,1.0,7.0,18.0,5.0,3.0,77.0,303.0,0.0,5.0,5.0,4.0,5.0,395.0,10.0,3.0
37,1032737,Man City vs Arsenal,59.0,4.0,6.0,15.0,3.0,0.0,89.0,587.0,0.0,8.0,4.0,5.0,5.0,657.0,13.0,4.0,41.0,3.0,6.0,9.0,4.0,2.0,85.0,380.0,0.0,7.0,5.0,3.0,4.0,447.0,11.0,0.0
38,1032738,Newcastle vs Man United,33.0,1.0,0.0,9.0,8.0,0.0,68.0,190.0,0.0,3.0,2.0,4.0,4.0,278.0,7.0,1.0,67.0,7.0,6.0,9.0,4.0,2.0,85.0,470.0,0.0,12.0,6.0,11.0,12.0,551.0,24.0,1.0
39,1032739,Sheffield United vs Fulham,41.0,1.0,2.0,5.0,5.0,4.0,81.0,311.0,0.0,6.0,3.0,6.0,4.0,384.0,10.0,0.0,59.0,4.0,5.0,9.0,5.0,0.0,85.0,468.0,0.0,9.0,5.0,6.0,6.0,549.0,15.0,2.0
40,1032740,Tottenham vs West Ham,51.0,1.0,3.0,13.0,2.0,1.0,82.0,412.0,0.0,5.0,4.0,6.0,6.0,505.0,11.0,0.0,49.0,5.0,7.0,12.0,3.0,3.0,81.0,364.0,0.0,11.0,4.0,4.0,2.0,448.0,13.0,5.0
41,1032741,West Brom vs Burnley,56.0,2.0,8.0,15.0,4.0,2.0,76.0,354.0,0.0,8.0,5.0,6.0,5.0,468.0,13.0,2.0,44.0,1.0,2.0,16.0,6.0,0.0,69.0,239.0,0.0,6.0,4.0,4.0,3.0,348.0,9.0,2.0
42,1032742,Arsenal vs Leicester,56.0,4.0,9.0,13.0,1.0,1.0,86.0,495.0,0.0,9.0,4.0,4.0,3.0,575.0,12.0,3.0,44.0,1.0,3.0,9.0,4.0,0.0,81.0,369.0,0.0,2.0,3.0,2.0,4.0,453.0,6.0,5.0
43,1032743,Aston Villa vs Leeds,40.0,3.0,6.0,11.0,5.0,0.0,71.0,187.0,0.0,6.0,3.0,4.0,4.0,262.0,10.0,2.0,60.0,5.0,5.0,14.0,3.0,0.0,84.0,327.0,0.0,19.0,12.0,9.0,7.0,391.0,26.0,1.0
44,1032748,Man United vs Chelsea,50.0,6.0,9.0,8.0,1.0,2.0,83.0,480.0,0.0,7.0,4.0,4.0,7.0,581.0,14.0,3.0,50.0,3.0,6.0,6.0,4.0,0.0,83.0,474.0,0.0,4.0,2.0,1.0,2.0,571.0,6.0,1.0
45,1032749,Southampton vs Everton,53.0,1.0,4.0,11.0,2.0,1.0,88.0,496.0,0.0,9.0,5.0,6.0,3.0,565.0,12.0,1.0,47.0,3.0,5.0,11.0,4.0,1.0,86.0,423.0,1.0,3.0,1.0,2.0,3.0,494.0,6.0,2.0
46,1032750,West Ham vs Man City,30.0,1.0,2.0,14.0,6.0,1.0,70.0,220.0,0.0,2.0,3.0,2.0,4.0,315.0,6.0,2.0,70.0,1.0,10.0,6.0,1.0,0.0,90.0,662.0,0.0,6.0,6.0,7.0,8.0,737.0,14.0,0.0
47,1032751,Wolves vs Newcastle,63.0,5.0,2.0,10.0,1.0,0.0,91.0,625.0,0.0,4.0,8.0,3.0,12.0,685.0,16.0,0.0,37.0,3.0,3.0,10.0,3.0,0.0,82.0,323.0,0.0,2.0,0.0,2.0,3.0,394.0,5.0,1.0
48,1032752,Aston Villa vs Southampton,56.0,7.0,11.0,12.0,0.0,2.0,75.0,274.0,0.0,14.0,2.0,10.0,5.0,366.0,19.0,1.0,44.0,1.0,1.0,17.0,7.0,2.0,69.0,211.0,0.0,4.0,4.0,4.0,5.0,304.0,9.0,2.0
49,1032753,Burnley vs Chelsea,35.0,1.0,3.0,10.0,6.0,1.0,75.0,284.0,0.0,1.0,4.0,0.0,4.0,379.0,5.0,1.0,65.0,4.0,4.0,15.0,0.0,4.0,88.0,606.0,0.0,7.0,1.0,9.0,7.0,689.0,14.0,0.0
50,1032755,Leeds vs Leicester,64.0,0.0,3.0,3.0,3.0,1.0,83.0,285.0,0.0,3.0,1.0,2.0,0.0,345.0,3.0,0.0,36.0,1.0,2.0,1.0,2.0,0.0,71.0,132.0,0.0,4.0,0.0,5.0,2.0,185.0,6.0,0.0
51,1032756,Liverpool vs West Ham,72.0,1.0,1.0,13.0,2.0,1.0,88.0,729.0,0.0,6.0,3.0,5.0,3.0,825.0,9.0,0.0,28.0,1.0,2.0,14.0,4.0,0.0,69.0,211.0,0.0,4.0,0.0,3.0,0.0,304.0,4.0,1.0
52,1032757,Man United vs Arsenal,53.0,3.0,6.0,12.0,1.0,4.0,85.0,471.0,0.0,4.0,3.0,2.0,4.0,556.0,8.0,3.0,47.0,0.0,3.0,12.0,3.0,0.0,85.0,422.0,0.0,3.0,5.0,2.0,4.0,495.0,7.0,3.0
53,1032758,Newcastle vs Everton,37.0,4.0,5.0,9.0,3.0,1.0,76.0,272.0,0.0,7.0,3.0,4.0,4.0,359.0,11.0,2.0,63.0,5.0,4.0,10.0,2.0,0.0,90.0,542.0,0.0,9.0,6.0,4.0,6.0,604.0,15.0,4.0
54,1032759,Sheffield United vs Man City,35.0,1.0,2.0,14.0,7.0,0.0,78.0,287.0,0.0,3.0,2.0,1.0,1.0,369.0,4.0,0.0,65.0,4.0,5.0,6.0,1.0,2.0,87.0,618.0,0.0,10.0,4.0,8.0,6.0,709.0,16.0,0.0
55,1032760,Tottenham vs Brighton,43.0,0.0,4.0,14.0,1.0,0.0,76.0,293.0,0.0,5.0,6.0,3.0,4.0,385.0,9.0,2.0,57.0,2.0,5.0,13.0,2.0,4.0,80.0,398.0,0.0,5.0,2.0,2.0,1.0,495.0,6.0,1.0
56,1032761,Wolves vs Crystal Palace,44.0,2.0,7.0,13.0,2.0,0.0,85.0,349.0,0.0,9.0,8.0,5.0,6.0,413.0,15.0,0.0,56.0,6.0,6.0,4.0,3.0,2.0,91.0,470.0,1.0,6.0,3.0,2.0,5.0,519.0,11.0,2.0
57,1032763,Brighton vs Burnley,59.0,9.0,5.0,11.0,1.0,1.0,82.0,437.0,0.0,12.0,7.0,3.0,7.0,530.0,19.0,1.0,41.0,0.0,3.0,5.0,3.0,1.0,76.0,281.0,0.0,3.0,3.0,1.0,1.0,371.0,4.0,0.0
58,1032765,Crystal Palace vs Leeds,35.0,2.0,3.0,9.0,2.0,1.0,73.0,235.0,0.0,7.0,2.0,6.0,3.0,321.0,10.0,0.0,65.0,2.0,6.0,16.0,3.0,1.0,82.0,482.0,0.0,5.0,4.0,3.0,4.0,585.0,9.0,2.0
59,1032766,Everton vs Man United,54.0,1.0,5.0,12.0,2.0,3.0,85.0,439.0,0.0,5.0,5.0,1.0,2.0,519.0,7.0,4.0,46.0,3.0,2.0,19.0,0.0,1.0,81.0,363.0,0.0,7.0,5.0,5.0,6.0,447.0,13.0,2.0
60,1032768,Man City vs Liverpool,54.0,1.0,1.0,19.0,2.0,2.0,85.0,467.0,0.0,4.0,4.0,2.0,3.0,550.0,7.0,3.0,46.0,3.0,2.0,11.0,1.0,5.0,81.0,369.0,0.0,5.0,4.0,3.0,5.0,453.0,10.0,1.0
61,1032769,Southampton vs Newcastle,61.0,5.0,7.0,12.0,2.0,4.0,83.0,459.0,0.0,9.0,2.0,8.0,6.0,553.0,15.0,1.0,39.0,1.0,3.0,11.0,5.0,1.0,75.0,257.0,0.0,3.0,1.0,2.0,1.0,343.0,4.0,2.0
62,1032770,West Brom vs Tottenham,41.0,2.0,9.0,17.0,4.0,1.0,66.0,223.0,0.0,6.0,7.0,2.0,5.0,337.0,11.0,1.0,59.0,8.0,6.0,12.0,2.0,1.0,79.0,395.0,0.0,12.0,5.0,5.0,6.0,500.0,18.0,0.0
63,1032771,West Ham vs Fulham,52.0,1.0,9.0,10.0,3.0,3.0,87.0,432.0,0.0,10.0,8.0,7.0,6.0,494.0,16.0,2.0,48.0,6.0,5.0,9.0,6.0,2.0,83.0,380.0,0.0,7.0,4.0,3.0,6.0,459.0,13.0,2.0
64,1032772,Aston Villa vs Brighton,55.0,5.0,12.0,5.0,1.0,2.0,83.0,372.0,0.0,8.0,6.0,4.0,7.0,449.0,15.0,2.0,45.0,1.0,3.0,18.0,3.0,0.0,81.0,308.0,1.0,6.0,3.0,3.0,1.0,380.0,7.0,3.0
65,1032773,Burnley vs Crystal Palace,46.0,3.0,4.0,13.0,5.0,2.0,72.0,295.0,0.0,5.0,3.0,3.0,4.0,407.0,9.0,2.0,54.0,4.0,7.0,9.0,2.0,2.0,76.0,345.0,0.0,6.0,5.0,5.0,8.0,452.0,14.0,0.0
66,1032775,Leeds vs Arsenal,66.0,5.0,5.0,9.0,2.0,0.0,85.0,519.0,0.0,15.0,16.0,4.0,10.0,610.0,25.0,3.0,34.0,1.0,3.0,8.0,4.0,2.0,71.0,220.0,1.0,5.0,6.0,2.0,4.0,310.0,9.0,0.0
67,1032776,Liverpool vs Leicester,57.0,3.0,10.0,15.0,4.0,2.0,86.0,489.0,0.0,19.0,8.0,13.0,5.0,571.0,24.0,0.0,43.0,2.0,3.0,6.0,9.0,1.0,77.0,323.0,0.0,6.0,4.0,4.0,4.0,418.0,10.0,2.0
68,1032780,Tottenham vs Man City,33.0,2.0,0.0,13.0,5.0,1.0,73.0,229.0,0.0,1.0,0.0,2.0,3.0,313.0,4.0,2.0,67.0,11.0,10.0,19.0,0.0,2.0,89.0,532.0,0.0,15.0,6.0,5.0,7.0,597.0,22.0,2.0
69,1032782,Arsenal vs Wolves,56.0,3.0,8.0,13.0,3.0,2.0,85.0,416.0,0.0,9.0,8.0,2.0,4.0,489.0,13.0,3.0,44.0,4.0,4.0,13.0,1.0,0.0,80.0,322.0,0.0,9.0,2.0,5.0,2.0,403.0,11.0,4.0
70,1032783,Brighton vs Liverpool,39.0,2.0,4.0,9.0,1.0,2.0,78.0,264.0,0.0,7.0,6.0,3.0,4.0,340.0,11.0,2.0,61.0,3.0,3.0,13.0,2.0,2.0,81.0,425.0,0.0,3.0,1.0,2.0,3.0,524.0,6.0,1.0
71,1032785,Crystal Palace vs Newcastle,57.0,1.0,7.0,9.0,5.0,0.0,82.0,413.0,0.0,8.0,8.0,3.0,4.0,503.0,12.0,2.0,43.0,2.0,3.0,10.0,3.0,0.0,74.0,276.0,0.0,7.0,5.0,7.0,7.0,375.0,14.0,2.0
72,1032786,Everton vs Leeds,41.0,1.0,4.0,8.0,5.0,2.0,79.0,307.0,0.0,10.0,6.0,8.0,5.0,390.0,15.0,1.0,59.0,5.0,2.0,14.0,8.0,6.0,83.0,447.0,0.0,16.0,11.0,7.0,7.0,538.0,23.0,2.0
73,1032787,Leicester vs Fulham,67.0,7.0,6.0,9.0,3.0,0.0,87.0,564.0,0.0,8.0,6.0,3.0,8.0,652.0,16.0,0.0,33.0,2.0,5.0,21.0,2.0,0.0,71.0,223.0,0.0,7.0,3.0,5.0,3.0,315.0,10.0,2.0
74,1032788,Man City vs Burnley,68.0,3.0,6.0,12.0,1.0,2.0,89.0,637.0,0.0,13.0,10.0,6.0,6.0,714.0,19.0,0.0,32.0,2.0,4.0,4.0,1.0,2.0,73.0,228.0,0.0,4.0,6.0,1.0,5.0,312.0,9.0,0.0
75,1032790,West Brom vs Sheffield United,48.0,4.0,14.0,10.0,6.0,2.0,78.0,289.0,0.0,9.0,7.0,6.0,8.0,371.0,17.0,2.0,52.0,6.0,9.0,9.0,5.0,2.0,81.0,321.0,0.0,19.0,10.0,6.0,3.0,398.0,22.0,3.0
76,1032791,West Ham vs Aston Villa,33.0,3.0,3.0,20.0,5.0,1.0,65.0,175.0,0.0,4.0,1.0,2.0,2.0,271.0,6.0,1.0,67.0,3.0,7.0,7.0,0.0,3.0,83.0,432.0,0.0,10.0,7.0,6.0,6.0,521.0,16.0,1.0
77,1032792,Aston Villa vs Newcastle,59.0,3.0,4.0,9.0,1.0,1.0,89.0,493.0,0.0,9.0,6.0,5.0,5.0,557.0,14.0,0.0,41.0,2.0,4.0,18.0,3.0,2.0,78.0,280.0,0.0,6.0,4.0,1.0,1.0,359.0,7.0,3.0
78,1032799,Tottenham vs Arsenal,30.0,1.0,3.0,16.0,2.0,0.0,68.0,195.0,0.0,3.0,2.0,3.0,3.0,288.0,6.0,1.0,70.0,3.0,9.0,12.0,1.0,0.0,87.0,533.0,0.0,6.0,6.0,2.0,5.0,614.0,11.0,2.0
79,1032801,West Ham vs Man United,39.0,4.0,5.0,9.0,3.0,4.0,78.0,300.0,0.0,14.0,9.0,6.0,5.0,383.0,19.0,0.0,61.0,3.0,4.0,10.0,5.0,3.0,86.0,519.0,0.0,10.0,6.0,6.0,5.0,604.0,15.0,0.0
80,1032804,Leeds vs West Ham,64.0,1.0,5.0,12.0,6.0,2.0,85.0,465.0,0.0,10.0,5.0,7.0,3.0,544.0,13.0,1.0,36.0,3.0,6.0,10.0,6.0,0.0,69.0,204.0,0.0,12.0,8.0,8.0,7.0,296.0,19.0,2.0
81,1032810,Arsenal vs Burnley,64.0,6.0,13.0,5.0,2.0,3.0,83.0,460.0,1.0,13.0,6.0,7.0,6.0,552.0,19.0,2.0,36.0,3.0,4.0,11.0,6.0,3.0,72.0,219.0,0.0,7.0,5.0,2.0,3.0,304.0,10.0,1.0
82,1032812,Arsenal vs Southampton,35.0,2.0,2.0,13.0,2.0,1.0,77.0,259.0,1.0,5.0,3.0,4.0,4.0,335.0,9.0,3.0,65.0,2.0,7.0,13.0,4.0,1.0,86.0,541.0,0.0,5.0,8.0,3.0,8.0,628.0,13.0,3.0
83,1032813,Aston Villa vs Burnley,59.0,9.0,10.0,16.0,4.0,1.0,73.0,272.0,0.0,17.0,10.0,7.0,9.0,373.0,26.0,1.0,41.0,0.0,1.0,19.0,6.0,2.0,61.0,159.0,0.0,3.0,2.0,4.0,3.0,262.0,6.0,1.0
84,1032814,Fulham vs Brighton,46.0,2.0,1.0,15.0,4.0,1.0,75.0,306.0,0.0,7.0,3.0,4.0,2.0,408.0,9.0,1.0,54.0,1.0,8.0,11.0,4.0,2.0,73.0,343.0,0.0,5.0,4.0,4.0,4.0,467.0,9.0,0.0
85,1032815,Leeds vs Newcastle,68.0,7.0,7.0,10.0,2.0,4.0,83.0,433.0,0.0,17.0,8.0,10.0,8.0,521.0,25.0,3.0,32.0,1.0,4.0,13.0,5.0,2.0,67.0,161.0,0.0,8.0,5.0,4.0,2.0,242.0,10.0,1.0
86,1032816,Leicester vs Everton,60.0,8.0,4.0,12.0,4.0,2.0,85.0,461.0,0.0,5.0,4.0,2.0,9.0,544.0,14.0,2.0,40.0,4.0,6.0,9.0,2.0,2.0,76.0,262.0,0.0,9.0,1.0,6.0,2.0,344.0,11.0,3.0
87,1032818,West Ham vs Crystal Palace,52.0,0.0,5.0,8.0,1.0,0.0,86.0,367.0,0.0,5.0,7.0,2.0,4.0,427.0,9.0,0.0,48.0,1.0,2.0,12.0,1.0,0.0,77.0,316.0,1.0,6.0,4.0,2.0,1.0,409.0,7.0,3.0
88,1032819,Wolves vs Chelsea,44.0,2.0,5.0,12.0,2.0,1.0,79.0,325.0,0.0,6.0,6.0,4.0,6.0,410.0,12.0,2.0,56.0,3.0,6.0,12.0,2.0,0.0,86.0,420.0,0.0,6.0,6.0,3.0,6.0,489.0,12.0,2.0
89,1032820,Liverpool vs Tottenham,76.0,5.0,7.0,8.0,1.0,2.0,88.0,711.0,0.0,15.0,1.0,11.0,2.0,807.0,17.0,0.0,24.0,0.0,4.0,9.0,9.0,0.0,61.0,152.0,0.0,5.0,6.0,2.0,3.0,250.0,8.0,2.0
90,1032821,Man City vs West Brom,77.0,7.0,13.0,5.0,1.0,3.0,90.0,670.0,0.0,17.0,12.0,7.0,9.0,743.0,26.0,2.0,23.0,0.0,2.0,8.0,6.0,2.0,60.0,134.0,0.0,3.0,4.0,1.0,2.0,225.0,5.0,3.0
91,1032822,Brighton vs Sheffield United,72.0,8.0,14.0,10.0,2.0,1.0,84.0,445.0,0.0,16.0,8.0,5.0,5.0,527.0,21.0,1.0,28.0,0.0,2.0,11.0,3.0,2.0,66.0,134.0,1.0,3.0,2.0,3.0,2.0,204.0,5.0,5.0
92,1032823,Burnley vs Wolves,36.0,1.0,1.0,11.0,2.0,1.0,66.0,170.0,0.0,6.0,5.0,4.0,4.0,259.0,10.0,2.0,64.0,7.0,6.0,15.0,2.0,2.0,83.0,382.0,0.0,9.0,5.0,3.0,6.0,461.0,15.0,1.0
93,1032824,Chelsea vs West Ham,53.0,1.0,5.0,11.0,0.0,0.0,84.0,438.0,0.0,9.0,3.0,7.0,2.0,523.0,11.0,0.0,47.0,2.0,4.0,6.0,4.0,4.0,78.0,340.0,0.0,6.0,4.0,0.0,0.0,438.0,6.0,0.0
94,1032825,Crystal Palace vs Liverpool,34.0,0.0,5.0,5.0,0.0,7.0,74.0,277.0,0.0,4.0,2.0,3.0,1.0,374.0,5.0,1.0,66.0,2.0,4.0,11.0,3.0,0.0,87.0,632.0,0.0,11.0,4.0,8.0,3.0,724.0,14.0,0.0
95,1032826,Everton vs Arsenal,42.0,3.0,4.0,9.0,1.0,1.0,81.0,322.0,0.0,3.0,4.0,2.0,6.0,399.0,9.0,1.0,58.0,5.0,3.0,9.0,1.0,0.0,88.0,484.0,0.0,10.0,7.0,2.0,4.0,548.0,14.0,3.0
96,1032827,Man United vs Leeds,41.0,6.0,11.0,6.0,1.0,2.0,77.0,267.0,0.0,19.0,6.0,14.0,7.0,348.0,26.0,1.0,59.0,7.0,13.0,6.0,8.0,4.0,83.0,391.0,0.0,14.0,7.0,3.0,3.0,470.0,17.0,0.0
97,1032828,Newcastle vs Fulham,45.0,2.0,2.0,7.0,4.0,1.0,80.0,304.0,0.0,5.0,5.0,4.0,6.0,379.0,11.0,1.0,55.0,3.0,8.0,15.0,3.0,0.0,83.0,385.0,1.0,6.0,4.0,4.0,5.0,463.0,11.0,2.0
98,1032829,Southampton vs Man City,48.0,3.0,6.0,9.0,4.0,3.0,82.0,408.0,0.0,7.0,3.0,3.0,2.0,496.0,9.0,2.0,52.0,2.0,6.0,11.0,3.0,2.0,85.0,464.0,0.0,5.0,4.0,5.0,6.0,544.0,11.0,2.0
99,1032831,West Brom vs Aston Villa,34.0,0.0,1.0,2.0,0.0,1.0,63.0,36.0,0.0,0.0,0.0,0.0,0.0,57.0,0.0,0.0,66.0,0.0,0.0,1.0,0.0,0.0,85.0,95.0,0.0,1.0,1.0,1.0,1.0,112.0,2.0,0.0
100,1032832,Arsenal vs Chelsea,40.0,4.0,7.0,13.0,2.0,1.0,70.0,230.0,0.0,12.0,4.0,7.0,3.0,329.0,15.0,2.0,60.0,5.0,9.0,10.0,4.0,0.0,84.0,405.0,0.0,11.0,11.0,3.0,8.0,482.0,19.0,1.0
101,1032833,Aston Villa vs Crystal Palace,39.0,5.0,4.0,18.0,6.0,1.0,71.0,209.0,1.0,18.0,6.0,10.0,3.0,294.0,21.0,3.0,61.0,1.0,4.0,17.0,7.0,2.0,81.0,371.0,0.0,6.0,6.0,6.0,7.0,458.0,13.0,4.0
102,1032834,Fulham vs Southampton,46.0,5.0,6.0,15.0,2.0,1.0,72.0,239.0,0.0,7.0,4.0,1.0,3.0,331.0,10.0,2.0,54.0,0.0,3.0,12.0,1.0,4.0,72.0,286.0,0.0,1.0,1.0,2.0,2.0,396.0,3.0,0.0
103,1032835,Leeds vs Burnley,52.0,2.0,4.0,8.0,6.0,3.0,74.0,311.0,0.0,6.0,5.0,4.0,5.0,419.0,11.0,0.0,48.0,4.0,12.0,13.0,3.0,3.0,72.0,259.0,0.0,10.0,4.0,6.0,4.0,358.0,14.0,3.0
104,1032836,Leicester vs Man United,54.0,4.0,5.0,10.0,2.0,1.0,80.0,405.0,0.0,5.0,4.0,2.0,5.0,507.0,10.0,2.0,46.0,1.0,0.0,17.0,1.0,4.0,80.0,351.0,0.0,8.0,4.0,4.0,1.0,439.0,9.0,1.0
105,1032837,Liverpool vs West Brom,78.0,4.0,7.0,8.0,2.0,1.0,88.0,682.0,0.0,8.0,11.0,2.0,9.0,772.0,17.0,0.0,22.0,1.0,3.0,5.0,1.0,5.0,57.0,121.0,0.0,3.0,1.0,3.0,2.0,213.0,5.0,1.0
106,1032838,Man City vs Newcastle,75.0,3.0,7.0,5.0,2.0,1.0,91.0,778.0,0.0,8.0,2.0,6.0,3.0,859.0,11.0,2.0,25.0,2.0,3.0,12.0,4.0,3.0,75.0,196.0,0.0,4.0,3.0,2.0,3.0,262.0,7.0,2.0
107,1032839,Sheffield United vs Everton,43.0,3.0,5.0,11.0,2.0,0.0,73.0,298.0,0.0,9.0,5.0,2.0,1.0,409.0,10.0,2.0,57.0,1.0,3.0,10.0,1.0,2.0,79.0,420.0,0.0,4.0,3.0,3.0,3.0,531.0,7.0,4.0
108,1032840,West Ham vs Brighton,43.0,5.0,5.0,6.0,2.0,2.0,77.0,320.0,0.0,8.0,2.0,4.0,3.0,413.0,11.0,0.0,57.0,5.0,4.0,8.0,2.0,1.0,82.0,458.0,0.0,8.0,4.0,4.0,5.0,561.0,13.0,0.0
109,1032842,Brighton vs Arsenal,49.0,6.0,4.0,10.0,2.0,0.0,83.0,400.0,0.0,9.0,5.0,2.0,4.0,484.0,13.0,2.0,51.0,2.0,4.0,4.0,2.0,0.0,86.0,434.0,0.0,9.0,6.0,3.0,2.0,506.0,11.0,0.0
110,1032843,Burnley vs Sheffield United,36.0,0.0,3.0,11.0,2.0,2.0,70.0,213.0,0.0,4.0,2.0,3.0,1.0,305.0,5.0,1.0,64.0,2.0,5.0,16.0,2.0,2.0,81.0,430.0,0.0,4.0,2.0,3.0,3.0,528.0,7.0,1.0
111,1032844,Chelsea vs Aston Villa,63.0,4.0,11.0,16.0,1.0,1.0,83.0,455.0,0.0,10.0,7.0,5.0,6.0,548.0,16.0,3.0,37.0,3.0,4.0,3.0,4.0,1.0,72.0,220.0,0.0,7.0,5.0,2.0,3.0,304.0,10.0,1.0
112,1032845,Crystal Palace vs Leicester,33.0,0.0,2.0,10.0,2.0,3.0,62.0,185.0,0.0,4.0,3.0,1.0,0.0,297.0,4.0,0.0,67.0,4.0,5.0,7.0,0.0,2.0,82.0,495.0,0.0,9.0,10.0,3.0,8.0,605.0,17.0,1.0
113,1032846,Everton vs Man City,29.0,0.0,0.0,8.0,4.0,0.0,73.0,222.0,0.0,3.0,1.0,2.0,0.0,304.0,3.0,2.0,71.0,5.0,10.0,8.0,1.0,0.0,90.0,668.0,0.0,9.0,3.0,7.0,6.0,744.0,15.0,1.0
114,1032847,Man United vs Wolves,58.0,3.0,2.0,11.0,5.0,4.0,87.0,520.0,0.0,6.0,5.0,3.0,5.0,597.0,11.0,1.0,42.0,2.0,2.0,6.0,2.0,2.0,81.0,344.0,0.0,7.0,2.0,5.0,2.0,424.0,9.0,1.0
115,1032849,Southampton vs West Ham,62.0,1.0,4.0,15.0,3.0,3.0,84.0,456.0,0.0,4.0,4.0,3.0,4.0,544.0,8.0,3.0,38.0,2.0,3.0,15.0,3.0,2.0,71.0,231.0,0.0,8.0,4.0,3.0,1.0,325.0,9.0,1.0
116,1032850,Tottenham vs Fulham,52.0,3.0,6.0,13.0,3.0,2.0,82.0,423.0,0.0,10.0,6.0,6.0,5.0,519.0,15.0,1.0,48.0,6.0,4.0,14.0,5.0,2.0,81.0,375.0,0.0,10.0,5.0,4.0,5.0,465.0,15.0,2.0
117,1032851,West Brom vs Leeds,24.0,1.0,3.0,6.0,2.0,1.0,65.0,149.0,0.0,2.0,2.0,1.0,2.0,230.0,4.0,0.0,76.0,5.0,10.0,10.0,1.0,1.0,88.0,638.0,0.0,8.0,3.0,6.0,6.0,722.0,14.0,1.0
118,1032852,Brighton vs Wolves,54.0,6.0,3.0,12.0,2.0,1.0,87.0,464.0,0.0,10.0,2.0,4.0,2.0,533.0,12.0,2.0,46.0,3.0,7.0,7.0,1.0,0.0,83.0,376.0,0.0,6.0,3.0,4.0,4.0,451.0,10.0,0.0
119,1032853,Burnley vs Fulham,46.0,0.0,4.0,7.0,3.0,6.0,69.0,255.0,0.0,6.0,4.0,3.0,1.0,371.0,7.0,1.0,54.0,1.0,5.0,12.0,2.0,0.0,73.0,319.0,0.0,5.0,3.0,4.0,3.0,437.0,8.0,1.0
120,1032854,Chelsea vs Man City,54.0,5.0,5.0,10.0,3.0,2.0,90.0,562.0,0.0,4.0,2.0,1.0,4.0,622.0,8.0,3.0,46.0,4.0,3.0,10.0,1.0,0.0,88.0,475.0,0.0,14.0,8.0,6.0,4.0,538.0,18.0,0.0
121,1032855,Crystal Palace vs Sheffield United,44.0,3.0,3.0,8.0,2.0,0.0,71.0,297.0,0.0,6.0,2.0,4.0,3.0,416.0,9.0,1.0,56.0,4.0,6.0,18.0,2.0,3.0,81.0,408.0,0.0,4.0,1.0,2.0,3.0,506.0,7.0,3.0
122,1032856,Everton vs West Ham,60.0,3.0,5.0,9.0,4.0,2.0,84.0,490.0,0.0,5.0,5.0,2.0,5.0,585.0,10.0,2.0,40.0,1.0,4.0,7.0,2.0,0.0,76.0,291.0,0.0,7.0,5.0,5.0,4.0,382.0,11.0,0.0
123,1032857,Man United vs Aston Villa,48.0,5.0,5.0,22.0,4.0,1.0,83.0,337.0,0.0,12.0,5.0,9.0,7.0,407.0,19.0,4.0,52.0,4.0,10.0,10.0,7.0,1.0,80.0,332.0,0.0,12.0,6.0,5.0,3.0,417.0,15.0,0.0
124,1032858,Newcastle vs Leicester,43.0,2.0,3.0,9.0,1.0,3.0,72.0,254.0,0.0,4.0,3.0,2.0,3.0,355.0,7.0,0.0,57.0,1.0,6.0,11.0,1.0,3.0,80.0,379.0,0.0,3.0,4.0,3.0,5.0,473.0,8.0,2.0
125,1032859,Southampton vs Liverpool,33.0,1.0,1.0,5.0,1.0,6.0,66.0,230.0,0.0,1.0,3.0,3.0,6.0,349.0,7.0,1.0,67.0,4.0,9.0,12.0,1.0,1.0,80.0,533.0,0.0,11.0,11.0,1.0,5.0,666.0,16.0,3.0
126,1032860,Tottenham vs Leeds,36.0,4.0,3.0,15.0,5.0,0.0,76.0,253.0,1.0,14.0,9.0,7.0,6.0,335.0,20.0,4.0,64.0,4.0,5.0,13.0,4.0,1.0,85.0,494.0,0.0,10.0,9.0,5.0,8.0,582.0,18.0,1.0
127,1032861,West Brom vs Arsenal,38.0,1.0,2.0,7.0,8.0,2.0,74.0,277.0,0.0,4.0,3.0,2.0,2.0,374.0,6.0,1.0,62.0,2.0,5.0,4.0,2.0,2.0,83.0,509.0,0.0,17.0,7.0,12.0,4.0,615.0,21.0,2.0
128,1032862,Arsenal vs Crystal Palace,67.0,2.0,7.0,10.0,2.0,1.0,87.0,576.0,0.0,5.0,4.0,4.0,5.0,660.0,10.0,1.0,33.0,3.0,2.0,8.0,4.0,1.0,77.0,247.0,0.0,7.0,6.0,2.0,4.0,319.0,11.0,1.0
129,1032863,Aston Villa vs Tottenham,49.0,5.0,5.0,18.0,1.0,1.0,79.0,314.0,0.0,4.0,2.0,1.0,4.0,400.0,8.0,3.0,51.0,3.0,7.0,13.0,1.0,1.0,79.0,332.0,0.0,6.0,3.0,3.0,3.0,418.0,9.0,2.0
130,1032864,Fulham vs Man United,34.0,1.0,0.0,6.0,3.0,0.0,81.0,249.0,0.0,4.0,1.0,5.0,3.0,308.0,7.0,3.0,66.0,3.0,6.0,7.0,4.0,1.0,86.0,486.0,0.0,9.0,6.0,5.0,5.0,565.0,14.0,1.0
131,1032865,Leeds vs Southampton,47.0,0.0,2.0,11.0,5.0,1.0,68.0,214.0,0.0,9.0,4.0,7.0,2.0,316.0,11.0,1.0,53.0,2.0,4.0,13.0,4.0,2.0,75.0,267.0,0.0,8.0,6.0,5.0,5.0,358.0,13.0,2.0
132,1032866,Leicester vs Chelsea,33.0,0.0,5.0,6.0,4.0,1.0,83.0,205.0,0.0,5.0,2.0,6.0,3.0,246.0,8.0,0.0,67.0,1.0,3.0,11.0,4.0,1.0,90.0,450.0,0.0,7.0,3.0,4.0,1.0,500.0,8.0,2.0
133,1032867,Sheffield United vs Newcastle,66.0,7.0,5.0,13.0,3.0,2.0,86.0,475.0,0.0,13.0,6.0,4.0,4.0,551.0,17.0,2.0,34.0,1.0,2.0,12.0,3.0,2.0,69.0,192.0,1.0,4.0,3.0,3.0,3.0,280.0,7.0,5.0
134,1032868,West Ham vs West Brom,59.0,3.0,3.0,10.0,2.0,2.0,82.0,444.0,0.0,8.0,5.0,6.0,6.0,539.0,14.0,0.0,41.0,0.0,1.0,10.0,4.0,0.0,72.0,267.0,0.0,2.0,4.0,2.0,4.0,370.0,6.0,1.0
135,1032869,Wolves vs Everton,60.0,0.0,0.0,1.0,0.0,0.0,89.0,67.0,0.0,0.0,0.0,0.0,0.0,75.0,0.0,0.0,40.0,0.0,0.0,0.0,0.0,0.0,86.0,42.0,0.0,1.0,0.0,1.0,0.0,49.0,1.0,0.0
136,1032870,Liverpool vs Burnley,71.0,11.0,11.0,11.0,3.0,1.0,86.0,574.0,0.0,17.0,10.0,6.0,10.0,670.0,27.0,2.0,29.0,0.0,0.0,8.0,6.0,5.0,66.0,179.0,0.0,5.0,2.0,4.0,1.0,271.0,6.0,1.0
137,1032871,Man City vs Brighton,65.0,6.0,8.0,3.0,1.0,2.0,90.0,643.0,0.0,13.0,4.0,6.0,3.0,715.0,16.0,0.0,35.0,1.0,4.0,12.0,5.0,2.0,78.0,295.0,0.0,2.0,3.0,1.0,3.0,380.0,5.0,2.0
138,1032872,Arsenal vs Newcastle,66.0,3.0,7.0,9.0,1.0,4.0,90.0,569.0,0.0,14.0,11.0,6.0,6.0,632.0,20.0,0.0,34.0,1.0,2.0,8.0,3.0,1.0,76.0,243.0,0.0,3.0,2.0,1.0,1.0,321.0,4.0,0.0
139,1032873,Aston Villa vs Everton,58.0,4.0,9.0,9.0,5.0,0.0,84.0,419.0,0.0,7.0,7.0,2.0,6.0,498.0,13.0,2.0,42.0,1.0,1.0,12.0,2.0,1.0,82.0,290.0,0.0,10.0,9.0,5.0,5.0,355.0,15.0,1.0
140,1032874,Fulham vs Chelsea,29.0,3.0,1.0,11.0,5.0,1.0,73.0,231.0,1.0,7.0,5.0,2.0,3.0,315.0,10.0,2.0,71.0,8.0,12.0,10.0,2.0,3.0,89.0,655.0,0.0,12.0,6.0,6.0,8.0,740.0,20.0,3.0
141,1032875,Leeds vs Brighton,65.0,2.0,5.0,8.0,1.0,3.0,82.0,468.0,0.0,4.0,3.0,2.0,3.0,570.0,7.0,1.0,35.0,2.0,2.0,9.0,2.0,0.0,69.0,206.0,0.0,5.0,3.0,2.0,2.0,298.0,7.0,1.0
142,1032876,Leicester vs Southampton,47.0,2.0,2.0,10.0,3.0,5.0,72.0,319.0,0.0,13.0,9.0,5.0,3.0,443.0,16.0,2.0,53.0,0.0,5.0,11.0,2.0,1.0,76.0,370.0,0.0,5.0,5.0,3.0,3.0,486.0,8.0,2.0
143,1032877,Liverpool vs Man United,65.0,8.0,7.0,15.0,4.0,1.0,87.0,571.0,0.0,10.0,7.0,3.0,8.0,660.0,18.0,2.0,35.0,3.0,3.0,6.0,3.0,8.0,73.0,251.0,0.0,5.0,1.0,4.0,3.0,342.0,8.0,0.0
144,1032878,Man City vs Crystal Palace,72.0,5.0,11.0,9.0,0.0,0.0,90.0,676.0,0.0,7.0,2.0,6.0,6.0,749.0,13.0,0.0,28.0,1.0,1.0,8.0,2.0,0.0,71.0,197.0,0.0,1.0,1.0,0.0,1.0,277.0,2.0,0.0
145,1032879,Sheffield United vs Tottenham,41.0,7.0,5.0,13.0,2.0,4.0,77.0,313.0,0.0,7.0,3.0,5.0,8.0,404.0,15.0,4.0,59.0,5.0,7.0,4.0,4.0,1.0,83.0,473.0,0.0,5.0,4.0,5.0,9.0,572.0,14.0,0.0
146,1032880,West Ham vs Burnley,45.0,5.0,7.0,12.0,2.0,5.0,74.0,265.0,0.0,12.0,6.0,4.0,3.0,358.0,15.0,2.0,55.0,5.0,4.0,9.0,2.0,1.0,74.0,325.0,0.0,3.0,3.0,2.0,7.0,441.0,10.0,1.0
147,1032881,Wolves vs West Brom,68.0,7.0,11.0,10.0,2.0,0.0,84.0,442.0,0.0,15.0,10.0,6.0,8.0,527.0,23.0,2.0,32.0,2.0,0.0,14.0,4.0,2.0,67.0,171.0,0.0,8.0,5.0,5.0,4.0,255.0,12.0,1.0
148,1032883,Burnley vs Aston Villa,38.0,2.0,2.0,16.0,8.0,3.0,59.0,165.0,0.0,5.0,3.0,5.0,5.0,278.0,10.0,1.0,62.0,3.0,4.0,7.0,2.0,2.0,78.0,349.0,0.0,14.0,5.0,10.0,4.0,448.0,18.0,0.0
149,1032884,Everton vs Leicester,38.0,1.0,2.0,6.0,1.0,2.0,76.0,126.0,0.0,1.0,1.0,1.0,2.0,165.0,3.0,0.0,62.0,4.0,1.0,9.0,0.0,0.0,83.0,228.0,0.0,0.0,1.0,1.0,6.0,276.0,6.0,1.0
150,1032886,West Brom vs Man City,22.0,1.0,3.0,8.0,2.0,0.0,65.0,159.0,0.0,4.0,2.0,1.0,0.0,244.0,4.0,2.0,78.0,7.0,8.0,8.0,1.0,1.0,91.0,801.0,0.0,12.0,4.0,7.0,6.0,878.0,18.0,0.0
151,1032887,Chelsea vs Wolves,78.0,3.0,11.0,14.0,0.0,2.0,92.0,812.0,0.0,8.0,5.0,5.0,5.0,879.0,13.0,1.0,22.0,0.0,1.0,6.0,5.0,0.0,72.0,170.0,0.0,2.0,4.0,0.0,2.0,237.0,4.0,1.0
152,1032888,Newcastle vs Leeds,42.0,7.0,9.0,10.0,0.0,1.0,72.0,216.0,0.0,9.0,10.0,5.0,13.0,302.0,22.0,1.0,58.0,3.0,4.0,15.0,4.0,0.0,73.0,319.0,0.0,8.0,4.0,2.0,1.0,435.0,9.0,3.0
153,1032889,Southampton vs Arsenal,58.0,3.0,4.0,11.0,1.0,2.0,85.0,421.0,0.0,8.0,5.0,5.0,5.0,495.0,13.0,1.0,42.0,0.0,5.0,6.0,4.0,2.0,77.0,269.0,0.0,7.0,4.0,5.0,2.0,348.0,9.0,2.0
154,1032890,Tottenham vs Liverpool,49.0,0.0,1.0,9.0,4.0,2.0,84.0,492.0,0.0,1.0,1.0,2.0,2.0,586.0,3.0,1.0,51.0,1.0,2.0,11.0,1.0,2.0,86.0,500.0,0.0,11.0,6.0,7.0,3.0,584.0,14.0,2.0
155,1032891,Crystal Palace vs West Ham,54.0,0.0,3.0,9.0,5.0,0.0,79.0,417.0,0.0,2.0,3.0,3.0,4.0,530.0,6.0,0.0,46.0,4.0,4.0,8.0,1.0,2.0,76.0,343.0,0.0,10.0,6.0,7.0,7.0,452.0,17.0,0.0
156,1032892,Arsenal vs Man United,43.0,6.0,4.0,9.0,3.0,0.0,81.0,348.0,0.0,8.0,8.0,3.0,9.0,432.0,17.0,1.0,57.0,3.0,7.0,16.0,3.0,2.0,86.0,484.0,0.0,8.0,8.0,3.0,6.0,564.0,14.0,3.0
157,1032893,Brighton vs Tottenham,42.0,4.0,8.0,10.0,4.0,1.0,81.0,316.0,0.0,11.0,7.0,5.0,5.0,390.0,16.0,2.0,58.0,3.0,2.0,11.0,2.0,1.0,82.0,447.0,0.0,3.0,1.0,4.0,5.0,543.0,8.0,1.0
158,1032894,Chelsea vs Burnley,71.0,2.0,4.0,7.0,0.0,2.0,87.0,620.0,0.0,11.0,9.0,8.0,8.0,710.0,19.0,0.0,29.0,0.0,2.0,9.0,7.0,2.0,66.0,184.0,0.0,1.0,1.0,0.0,0.0,278.0,1.0,1.0
159,1032895,Crystal Palace vs Wolves,48.0,3.0,1.0,7.0,4.0,1.0,87.0,441.0,0.0,5.0,6.0,2.0,6.0,509.0,11.0,1.0,52.0,1.0,6.0,10.0,1.0,1.0,87.0,459.0,0.0,4.0,1.0,4.0,2.0,526.0,6.0,2.0
160,1032896,Everton vs Newcastle,60.0,2.0,7.0,13.0,1.0,4.0,85.0,405.0,0.0,8.0,6.0,3.0,3.0,475.0,11.0,3.0,40.0,5.0,12.0,6.0,3.0,0.0,75.0,224.0,0.0,9.0,5.0,3.0,4.0,298.0,13.0,4.0
161,1032897,Leicester vs Leeds,50.0,5.0,5.0,16.0,3.0,2.0,76.0,292.0,0.0,7.0,4.0,8.0,10.0,386.0,17.0,0.0,50.0,1.0,4.0,16.0,7.0,2.0,72.0,273.0,0.0,7.0,0.0,7.0,1.0,379.0,8.0,3.0
162,1032898,Man City vs Sheffield United,74.0,4.0,10.0,7.0,1.0,0.0,91.0,723.0,0.0,6.0,1.0,5.0,4.0,798.0,10.0,0.0,26.0,1.0,0.0,10.0,4.0,1.0,75.0,205.0,0.0,0.0,2.0,1.0,4.0,273.0,4.0,3.0
163,1032899,Southampton vs Aston Villa,60.0,9.0,7.0,12.0,3.0,4.0,81.0,388.0,0.0,11.0,6.0,5.0,9.0,481.0,20.0,1.0,40.0,1.0,1.0,11.0,4.0,5.0,74.0,243.0,0.0,7.0,3.0,4.0,1.0,330.0,8.0,0.0
164,1032900,West Brom vs Fulham,37.0,0.0,2.0,9.0,5.0,1.0,63.0,208.0,0.0,4.0,2.0,3.0,1.0,328.0,5.0,1.0,63.0,2.0,3.0,10.0,1.0,1.0,81.0,458.0,0.0,8.0,3.0,7.0,4.0,564.0,12.0,0.0
165,1032903,Burnley vs Man City,25.0,0.0,1.0,8.0,4.0,3.0,74.0,198.0,0.0,1.0,2.0,0.0,1.0,268.0,2.0,2.0,75.0,6.0,3.0,5.0,0.0,2.0,92.0,735.0,0.0,8.0,1.0,6.0,5.0,802.0,13.0,1.0
166,1032904,Fulham vs Leicester,57.0,3.0,5.0,17.0,3.0,1.0,83.0,488.0,0.0,4.0,4.0,1.0,4.0,590.0,8.0,3.0,43.0,2.0,2.0,10.0,1.0,3.0,76.0,338.0,0.0,7.0,2.0,5.0,2.0,442.0,9.0,1.0
167,1032905,Leeds vs Everton,62.0,3.0,7.0,12.0,4.0,0.0,83.0,442.0,0.0,11.0,5.0,7.0,4.0,535.0,15.0,2.0,38.0,0.0,1.0,12.0,6.0,1.0,76.0,251.0,0.0,6.0,4.0,6.0,4.0,330.0,10.0,3.0
168,1032906,Sheffield United vs West Brom,68.0,4.0,9.0,10.0,3.0,0.0,84.0,494.0,0.0,9.0,4.0,6.0,5.0,589.0,14.0,2.0,32.0,2.0,2.0,9.0,4.0,3.0,65.0,171.0,0.0,7.0,2.0,4.0,1.0,265.0,8.0,0.0
169,1032907,Wolves vs Arsenal,55.0,0.0,9.0,10.0,2.0,1.0,91.0,515.0,0.0,7.0,4.0,7.0,4.0,566.0,11.0,3.0,45.0,5.0,6.0,8.0,5.0,3.0,89.0,415.0,2.0,6.0,1.0,3.0,3.0,465.0,9.0,2.0
170,1032908,Man United vs Southampton,75.0,5.0,5.0,11.0,1.0,3.0,88.0,537.0,0.0,12.0,4.0,13.0,10.0,610.0,22.0,2.0,25.0,0.0,3.0,6.0,6.0,2.0,65.0,134.0,2.0,1.0,2.0,1.0,2.0,205.0,3.0,3.0
171,1032910,Tottenham vs Chelsea,42.0,0.0,2.0,20.0,1.0,0.0,82.0,370.0,0.0,3.0,5.0,2.0,4.0,453.0,7.0,2.0,58.0,9.0,7.0,14.0,2.0,3.0,89.0,556.0,0.0,14.0,7.0,2.0,4.0,624.0,18.0,3.0
172,1032912,Aston Villa vs Arsenal,33.0,1.0,3.0,12.0,3.0,1.0,73.0,227.0,0.0,9.0,3.0,8.0,3.0,311.0,12.0,2.0,67.0,5.0,7.0,12.0,7.0,0.0,87.0,510.0,0.0,10.0,6.0,3.0,4.0,588.0,14.0,2.0
173,1032913,Burnley vs Brighton,54.0,6.0,8.0,8.0,1.0,3.0,80.0,350.0,0.0,13.0,8.0,7.0,8.0,438.0,21.0,2.0,46.0,2.0,7.0,10.0,6.0,0.0,76.0,282.0,0.0,5.0,6.0,2.0,5.0,373.0,10.0,0.0
174,1032914,Fulham vs West Ham,60.0,6.0,7.0,11.0,1.0,1.0,84.0,456.0,0.0,13.0,12.0,2.0,7.0,541.0,20.0,1.0,40.0,1.0,3.0,10.0,3.0,3.0,72.0,252.0,1.0,7.0,6.0,1.0,1.0,349.0,8.0,2.0
175,1032915,Leeds vs Crystal Palace,68.0,3.0,5.0,7.0,3.0,1.0,87.0,584.0,0.0,14.0,7.0,7.0,3.0,671.0,17.0,0.0,32.0,3.0,3.0,8.0,5.0,1.0,76.0,240.0,0.0,5.0,2.0,3.0,3.0,314.0,8.0,2.0
176,1032916,Liverpool vs Man City,55.0,3.0,6.0,13.0,1.0,1.0,88.0,563.0,0.0,5.0,2.0,3.0,3.0,638.0,8.0,2.0,45.0,0.0,1.0,8.0,2.0,2.0,85.0,437.0,0.0,6.0,3.0,5.0,2.0,513.0,8.0,1.0
177,1032917,Man United vs Everton,62.0,3.0,5.0,14.0,0.0,0.0,90.0,580.0,0.0,9.0,6.0,5.0,5.0,647.0,14.0,1.0,38.0,0.0,1.0,11.0,2.0,3.0,81.0,318.0,0.0,4.0,3.0,2.0,1.0,394.0,5.0,1.0
178,1032918,Newcastle vs Southampton,25.0,1.0,0.0,11.0,3.0,3.0,58.0,122.0,1.0,4.0,1.0,4.0,2.0,212.0,6.0,3.0,75.0,4.0,7.0,14.0,1.0,5.0,84.0,500.0,0.0,10.0,5.0,5.0,4.0,592.0,14.0,1.0
179,1032919,Sheffield United vs Chelsea,31.0,2.0,1.0,8.0,0.0,2.0,72.0,241.0,0.0,5.0,3.0,3.0,3.0,333.0,8.0,1.0,69.0,2.0,8.0,8.0,3.0,2.0,87.0,641.0,0.0,7.0,4.0,3.0,2.0,739.0,9.0,0.0
180,1032920,Tottenham vs West Brom,65.0,3.0,8.0,16.0,1.0,1.0,86.0,507.0,0.0,9.0,4.0,6.0,4.0,587.0,13.0,1.0,35.0,0.0,0.0,12.0,4.0,4.0,72.0,218.0,0.0,4.0,3.0,1.0,0.0,302.0,4.0,2.0
181,1032921,Wolves vs Leicester,45.0,6.0,8.0,9.0,3.0,0.0,82.0,323.0,0.0,6.0,5.0,1.0,6.0,392.0,12.0,1.0,55.0,5.0,1.0,15.0,1.0,1.0,87.0,425.0,0.0,5.0,4.0,3.0,7.0,487.0,12.0,3.0
182,1036501,Arsenal vs Leeds,45.0,5.0,4.0,8.0,3.0,2.0,76.0,321.0,0.0,8.0,3.0,5.0,5.0,420.0,13.0,0.0,55.0,2.0,5.0,17.0,1.0,0.0,79.0,395.0,0.0,5.0,2.0,5.0,4.0,497.0,9.0,2.0
183,1036502,Brighton vs Aston Villa,58.0,10.0,9.0,16.0,1.0,0.0,82.0,412.0,0.0,15.0,7.0,9.0,11.0,505.0,26.0,2.0,42.0,2.0,2.0,12.0,9.0,3.0,76.0,279.0,0.0,1.0,1.0,1.0,3.0,366.0,4.0,3.0
184,1036503,Chelsea vs Newcastle,65.0,6.0,10.0,8.0,4.0,0.0,88.0,493.0,0.0,15.0,7.0,5.0,3.0,563.0,18.0,0.0,35.0,2.0,5.0,13.0,3.0,2.0,78.0,223.0,0.0,7.0,4.0,4.0,3.0,287.0,10.0,0.0
185,1036505,Everton vs Fulham,49.0,2.0,5.0,7.0,1.0,3.0,83.0,440.0,0.0,4.0,3.0,2.0,3.0,529.0,7.0,1.0,51.0,3.0,4.0,16.0,2.0,2.0,86.0,460.0,0.0,8.0,6.0,3.0,4.0,538.0,12.0,1.0
186,1036506,Leicester vs Liverpool,39.0,1.0,2.0,7.0,3.0,1.0,70.0,228.0,0.0,5.0,4.0,3.0,3.0,325.0,8.0,1.0,61.0,8.0,11.0,5.0,1.0,1.0,83.0,394.0,0.0,11.0,3.0,4.0,4.0,476.0,15.0,2.0
187,1036507,Man City vs Tottenham,60.0,5.0,4.0,12.0,3.0,1.0,91.0,627.0,0.0,11.0,4.0,6.0,4.0,691.0,15.0,1.0,40.0,2.0,2.0,13.0,3.0,0.0,86.0,381.0,0.0,3.0,2.0,3.0,4.0,443.0,7.0,3.0
188,1036508,Southampton vs Wolves,51.0,1.0,4.0,10.0,2.0,6.0,79.0,366.0,0.0,4.0,3.0,3.0,3.0,464.0,7.0,2.0,49.0,3.0,6.0,9.0,2.0,1.0,77.0,333.0,0.0,6.0,3.0,4.0,4.0,435.0,10.0,2.0
189,1036509,West Brom vs Man United,27.0,0.0,4.0,13.0,5.0,2.0,65.0,160.0,0.0,6.0,4.0,3.0,1.0,247.0,7.0,5.0,73.0,3.0,5.0,10.0,2.0,3.0,86.0,586.0,0.0,6.0,0.0,7.0,4.0,679.0,10.0,0.0
190,1036510,West Ham vs Sheffield United,45.0,1.0,7.0,11.0,5.0,1.0,81.0,342.0,0.0,9.0,3.0,9.0,4.0,422.0,13.0,0.0,55.0,1.0,7.0,12.0,6.0,1.0,86.0,425.0,0.0,5.0,2.0,5.0,3.0,497.0,8.0,2.0
191,1036512,Aston Villa vs Leicester,49.0,4.0,7.0,11.0,5.0,4.0,80.0,333.0,0.0,5.0,4.0,2.0,5.0,416.0,10.0,2.0,51.0,7.0,8.0,11.0,1.0,1.0,83.0,367.0,0.0,8.0,2.0,7.0,8.0,441.0,16.0,1.0
192,1036514,Burnley vs West Brom,62.0,1.0,5.0,16.0,2.0,4.0,75.0,322.0,0.0,4.0,4.0,1.0,2.0,431.0,6.0,3.0,38.0,1.0,5.0,10.0,1.0,3.0,60.0,159.0,1.0,3.0,6.0,3.0,7.0,266.0,10.0,0.0
193,1036516,Liverpool vs Everton,71.0,2.0,6.0,10.0,4.0,1.0,88.0,557.0,0.0,7.0,6.0,5.0,6.0,634.0,13.0,2.0,29.0,0.0,2.0,9.0,5.0,2.0,68.0,177.0,0.0,4.0,2.0,6.0,4.0,259.0,8.0,1.0
194,1036517,Man United vs Newcastle,72.0,4.0,6.0,9.0,5.0,2.0,87.0,577.0,0.0,9.0,4.0,7.0,6.0,664.0,15.0,1.0,28.0,1.0,4.0,11.0,4.0,1.0,68.0,170.0,0.0,3.0,3.0,6.0,7.0,251.0,10.0,2.0
195,1036518,Southampton vs Chelsea,29.0,0.0,3.0,10.0,2.0,0.0,66.0,196.0,0.0,4.0,3.0,1.0,0.0,295.0,4.0,1.0,71.0,2.0,6.0,10.0,0.0,4.0,85.0,615.0,0.0,6.0,4.0,3.0,3.0,722.0,9.0,1.0
196,1036519,West Ham vs Tottenham,32.0,0.0,5.0,13.0,3.0,1.0,64.0,154.0,0.0,4.0,0.0,4.0,0.0,241.0,4.0,4.0,68.0,3.0,7.0,6.0,2.0,0.0,83.0,417.0,0.0,8.0,12.0,4.0,11.0,502.0,19.0,3.0
197,1036520,Wolves vs Leeds,42.0,5.0,7.0,13.0,6.0,1.0,77.0,229.0,0.0,5.0,5.0,5.0,10.0,297.0,15.0,1.0,58.0,6.0,8.0,8.0,5.0,1.0,80.0,322.0,0.0,13.0,4.0,6.0,3.0,402.0,16.0,0.0
198,1036522,Crystal Palace vs Fulham,40.0,2.0,1.0,10.0,4.0,1.0,77.0,276.0,0.0,2.0,1.0,0.0,1.0,358.0,3.0,1.0,60.0,2.0,3.0,14.0,1.0,0.0,83.0,438.0,0.0,8.0,10.0,4.0,8.0,525.0,16.0,1.0
199,1036523,Everton vs Southampton,46.0,4.0,4.0,13.0,1.0,4.0,74.0,302.0,0.0,6.0,2.0,1.0,1.0,406.0,7.0,0.0,54.0,4.0,10.0,9.0,0.0,0.0,78.0,355.0,0.0,6.0,4.0,1.0,3.0,457.0,9.0,2.0
200,1036524,Leeds vs Aston Villa,70.0,5.0,7.0,14.0,3.0,0.0,80.0,409.0,0.0,7.0,5.0,3.0,6.0,512.0,13.0,3.0,30.0,1.0,5.0,14.0,3.0,0.0,60.0,130.0,0.0,5.0,3.0,4.0,3.0,217.0,8.0,2.0
201,1036525,Leicester vs Arsenal,44.0,2.0,2.0,15.0,1.0,0.0,78.0,314.0,0.0,5.0,2.0,3.0,2.0,405.0,7.0,2.0,56.0,3.0,7.0,3.0,2.0,1.0,83.0,417.0,0.0,5.0,4.0,4.0,6.0,504.0,11.0,1.0
202,1036526,Man City vs West Ham,64.0,5.0,4.0,6.0,2.0,2.0,89.0,593.0,0.0,5.0,2.0,3.0,5.0,663.0,10.0,0.0,36.0,2.0,1.0,10.0,1.0,1.0,80.0,295.0,0.0,5.0,3.0,3.0,3.0,370.0,8.0,1.0
203,1036527,Newcastle vs Wolves,48.0,6.0,3.0,10.0,2.0,2.0,84.0,304.0,0.0,11.0,6.0,7.0,8.0,361.0,19.0,2.0,52.0,3.0,3.0,13.0,5.0,0.0,79.0,304.0,0.0,6.0,7.0,3.0,7.0,383.0,13.0,0.0
204,1036528,Sheffield United vs Liverpool,39.0,2.0,4.0,9.0,7.0,3.0,74.0,300.0,0.0,5.0,4.0,2.0,3.0,403.0,8.0,0.0,61.0,4.0,3.0,9.0,3.0,1.0,83.0,512.0,0.0,13.0,4.0,8.0,3.0,618.0,16.0,0.0
205,1036529,Tottenham vs Burnley,58.0,2.0,3.0,6.0,3.0,0.0,83.0,529.0,0.0,9.0,7.0,7.0,7.0,634.0,16.0,0.0,42.0,3.0,4.0,10.0,3.0,0.0,78.0,335.0,0.0,6.0,4.0,3.0,4.0,432.0,10.0,0.0
206,1036530,West Brom vs Brighton,29.0,1.0,7.0,11.0,6.0,1.0,63.0,142.0,0.0,4.0,3.0,2.0,2.0,226.0,6.0,0.0,71.0,2.0,4.0,12.0,1.0,0.0,82.0,450.0,0.0,10.0,7.0,6.0,5.0,547.0,15.0,0.0
207,1036531,West Ham vs Leeds,34.0,5.0,6.0,9.0,2.0,1.0,70.0,188.0,0.0,8.0,6.0,5.0,8.0,270.0,16.0,1.0,66.0,5.0,6.0,9.0,3.0,1.0,83.0,431.0,0.0,11.0,10.0,2.0,6.0,519.0,17.0,1.0
208,1036532,Aston Villa vs Wolves,49.0,3.0,5.0,13.0,3.0,3.0,78.0,318.0,0.0,6.0,5.0,1.0,3.0,409.0,9.0,1.0,51.0,2.0,3.0,13.0,1.0,0.0,82.0,346.0,0.0,5.0,6.0,3.0,6.0,420.0,11.0,0.0
209,1036534,Burnley vs Arsenal,43.0,0.0,2.0,4.0,1.0,2.0,74.0,299.0,0.0,6.0,4.0,5.0,3.0,404.0,9.0,1.0,57.0,4.0,3.0,9.0,4.0,2.0,82.0,425.0,0.0,8.0,4.0,3.0,3.0,520.0,11.0,1.0
210,1036535,Chelsea vs Everton,65.0,4.0,7.0,11.0,1.0,1.0,89.0,625.0,0.0,11.0,6.0,9.0,8.0,702.0,19.0,0.0,35.0,2.0,3.0,12.0,8.0,0.0,81.0,296.0,0.0,2.0,4.0,1.0,5.0,366.0,7.0,3.0
211,1036536,Liverpool vs Fulham,63.0,2.0,8.0,10.0,2.0,3.0,84.0,583.0,0.0,9.0,10.0,3.0,6.0,694.0,15.0,2.0,37.0,2.0,4.0,7.0,3.0,1.0,78.0,315.0,0.0,9.0,5.0,3.0,1.0,406.0,10.0,2.0
212,1036537,Man City vs Man United,66.0,7.0,6.0,9.0,4.0,0.0,90.0,630.0,0.0,13.0,10.0,6.0,10.0,700.0,23.0,0.0,34.0,2.0,2.0,12.0,6.0,1.0,78.0,283.0,0.0,7.0,0.0,6.0,1.0,364.0,8.0,3.0
213,1036538,Sheffield United vs Southampton,50.0,1.0,7.0,16.0,5.0,2.0,70.0,268.0,0.0,4.0,5.0,2.0,4.0,383.0,8.0,4.0,50.0,4.0,3.0,11.0,2.0,2.0,76.0,291.0,0.0,7.0,4.0,7.0,8.0,383.0,15.0,3.0
214,1036539,Tottenham vs Crystal Palace,64.0,3.0,1.0,8.0,0.0,1.0,88.0,607.0,0.0,9.0,4.0,5.0,3.0,686.0,12.0,2.0,36.0,1.0,5.0,17.0,1.0,4.0,76.0,282.0,0.0,3.0,3.0,1.0,2.0,373.0,5.0,3.0
215,1036541,Arsenal vs Tottenham,53.0,2.0,6.0,12.0,2.0,0.0,86.0,446.0,0.0,6.0,8.0,3.0,7.0,516.0,13.0,1.0,47.0,1.0,3.0,14.0,1.0,1.0,82.0,385.0,1.0,4.0,2.0,3.0,2.0,470.0,6.0,4.0
216,1036544,Fulham vs Man City,45.0,3.0,4.0,14.0,4.0,1.0,81.0,351.0,0.0,3.0,0.0,0.0,0.0,436.0,3.0,0.0,55.0,0.0,2.0,13.0,0.0,3.0,85.0,445.0,0.0,7.0,1.0,7.0,1.0,522.0,8.0,0.0
217,1036545,Leeds vs Chelsea,38.0,3.0,8.0,15.0,8.0,5.0,72.0,227.0,0.0,4.0,0.0,4.0,3.0,314.0,7.0,3.0,62.0,4.0,4.0,6.0,4.0,3.0,83.0,449.0,0.0,8.0,2.0,8.0,6.0,538.0,14.0,0.0
218,1036546,Leicester vs Sheffield United,71.0,5.0,9.0,10.0,0.0,2.0,89.0,666.0,0.0,14.0,4.0,10.0,5.0,748.0,19.0,0.0,29.0,0.0,1.0,9.0,5.0,0.0,71.0,207.0,0.0,1.0,1.0,0.0,0.0,292.0,1.0,2.0
219,1036547,Man United vs West Ham,62.0,7.0,6.0,12.0,0.0,0.0,90.0,617.0,0.0,9.0,4.0,4.0,6.0,683.0,15.0,4.0,38.0,4.0,2.0,2.0,4.0,2.0,81.0,320.0,0.0,6.0,3.0,0.0,1.0,394.0,7.0,0.0
220,1036549,Southampton vs Brighton,58.0,4.0,3.0,11.0,4.0,1.0,79.0,346.0,0.0,5.0,1.0,4.0,4.0,438.0,9.0,0.0,42.0,2.0,5.0,10.0,3.0,1.0,68.0,212.0,0.0,5.0,0.0,6.0,3.0,311.0,8.0,0.0
221,1036550,Wolves vs Liverpool,53.0,3.0,3.0,17.0,3.0,2.0,79.0,394.0,0.0,8.0,2.0,5.0,2.0,500.0,10.0,2.0,47.0,3.0,2.0,10.0,5.0,1.0,75.0,331.0,0.0,9.0,5.0,4.0,3.0,443.0,12.0,1.0
222,1036551,Brighton vs Newcastle,65.0,4.0,3.0,12.0,1.0,2.0,89.0,642.0,0.0,8.0,1.0,6.0,3.0,721.0,11.0,0.0,35.0,0.0,1.0,5.0,3.0,1.0,79.0,291.0,0.0,2.0,2.0,1.0,1.0,368.0,3.0,1.0
223,1036552,Burnley vs Leicester,39.0,0.0,5.0,6.0,3.0,3.0,71.0,244.0,0.0,6.0,5.0,7.0,6.0,343.0,12.0,0.0,61.0,5.0,8.0,12.0,6.0,3.0,82.0,443.0,0.0,7.0,6.0,4.0,8.0,542.0,15.0,2.0
224,1036553,Crystal Palace vs Man United,37.0,3.0,4.0,3.0,1.0,1.0,78.0,273.0,0.0,5.0,3.0,2.0,3.0,348.0,8.0,0.0,63.0,4.0,6.0,13.0,2.0,2.0,86.0,496.0,0.0,6.0,6.0,1.0,5.0,576.0,11.0,0.0
225,1036554,Fulham vs Leeds,51.0,3.0,13.0,13.0,2.0,1.0,73.0,239.0,0.0,10.0,3.0,6.0,2.0,328.0,12.0,2.0,49.0,2.0,7.0,12.0,5.0,4.0,69.0,211.0,0.0,8.0,7.0,4.0,5.0,304.0,13.0,2.0
226,1036555,Liverpool vs Chelsea,54.0,2.0,5.0,9.0,3.0,1.0,87.0,557.0,0.0,4.0,4.0,1.0,3.0,639.0,7.0,0.0,46.0,1.0,2.0,8.0,1.0,4.0,86.0,460.0,0.0,7.0,5.0,5.0,4.0,537.0,11.0,0.0
227,1036556,Man City vs Wolves,73.0,8.0,10.0,8.0,0.0,3.0,92.0,720.0,0.0,17.0,4.0,8.0,3.0,780.0,20.0,0.0,27.0,3.0,2.0,5.0,6.0,1.0,82.0,234.0,0.0,5.0,2.0,1.0,1.0,285.0,6.0,1.0
228,1036557,Sheffield United vs Aston Villa,28.0,2.0,2.0,13.0,3.0,1.0,70.0,184.0,1.0,6.0,5.0,2.0,3.0,263.0,9.0,1.0,72.0,7.0,7.0,6.0,1.0,1.0,84.0,539.0,0.0,11.0,5.0,3.0,4.0,638.0,15.0,0.0
229,1036558,Tottenham vs Southampton,61.0,4.0,5.0,10.0,4.0,2.0,83.0,506.0,0.0,8.0,5.0,3.0,4.0,607.0,12.0,2.0,39.0,2.0,5.0,14.0,1.0,0.0,75.0,274.0,0.0,5.0,3.0,5.0,5.0,366.0,10.0,1.0
230,1036559,West Brom vs Everton,48.0,5.0,3.0,9.0,2.0,3.0,81.0,358.0,0.0,7.0,3.0,3.0,4.0,444.0,11.0,3.0,52.0,6.0,3.0,7.0,3.0,2.0,81.0,400.0,0.0,5.0,2.0,3.0,6.0,494.0,11.0,1.0
231,1036561,Arsenal vs Liverpool,35.0,1.0,1.0,10.0,3.0,0.0,76.0,287.0,0.0,2.0,0.0,2.0,1.0,378.0,3.0,1.0,65.0,3.0,2.0,10.0,2.0,3.0,87.0,595.0,0.0,7.0,5.0,6.0,7.0,687.0,14.0,1.0
232,1036562,Aston Villa vs Fulham,52.0,5.0,4.0,14.0,6.0,4.0,80.0,332.0,0.0,7.0,5.0,4.0,7.0,414.0,14.0,1.0,48.0,3.0,4.0,19.0,1.0,2.0,75.0,283.0,0.0,8.0,5.0,7.0,7.0,377.0,15.0,2.0
233,1036563,Chelsea vs West Brom,66.0,3.0,10.0,11.0,2.0,1.0,85.0,484.0,1.0,11.0,7.0,8.0,7.0,569.0,18.0,3.0,34.0,3.0,3.0,6.0,5.0,4.0,75.0,220.0,0.0,7.0,4.0,7.0,7.0,293.0,14.0,1.0
234,1036564,Everton vs Crystal Palace,46.0,1.0,3.0,10.0,5.0,2.0,80.0,340.0,0.0,11.0,7.0,7.0,4.0,426.0,15.0,2.0,54.0,3.0,4.0,9.0,6.0,1.0,83.0,417.0,0.0,8.0,4.0,6.0,5.0,503.0,13.0,0.0
235,1036565,Leeds vs Sheffield United,54.0,6.0,5.0,12.0,0.0,1.0,79.0,378.0,0.0,14.0,9.0,8.0,9.0,481.0,23.0,1.0,46.0,4.0,7.0,13.0,7.0,1.0,75.0,301.0,0.0,3.0,4.0,1.0,6.0,399.0,9.0,2.0
236,1036566,Leicester vs Man City,43.0,1.0,1.0,13.0,2.0,3.0,83.0,363.0,0.0,3.0,2.0,2.0,2.0,437.0,5.0,2.0,57.0,1.0,1.0,12.0,2.0,1.0,88.0,498.0,0.0,9.0,6.0,4.0,2.0,566.0,11.0,3.0
237,1036568,Newcastle vs Tottenham,41.0,9.0,7.0,13.0,2.0,1.0,74.0,252.0,0.0,17.0,7.0,6.0,5.0,340.0,22.0,3.0,59.0,2.0,3.0,14.0,4.0,3.0,82.0,416.0,0.0,7.0,4.0,5.0,4.0,509.0,11.0,2.0
238,1036569,Southampton vs Burnley,55.0,12.0,6.0,11.0,3.0,0.0,77.0,320.0,0.0,12.0,3.0,9.0,12.0,413.0,24.0,0.0,45.0,0.0,7.0,10.0,5.0,1.0,69.0,220.0,0.0,5.0,2.0,5.0,2.0,318.0,7.0,0.0
239,1036570,Wolves vs West Ham,66.0,2.0,3.0,9.0,3.0,1.0,88.0,522.0,0.0,15.0,13.0,5.0,5.0,592.0,20.0,1.0,34.0,0.0,2.0,9.0,3.0,1.0,73.0,224.0,0.0,8.0,3.0,6.0,1.0,305.0,9.0,4.0
240,1036571,Brighton vs Everton,55.0,10.0,10.0,12.0,1.0,0.0,81.0,406.0,0.0,15.0,10.0,3.0,8.0,500.0,23.0,1.0,45.0,1.0,3.0,7.0,3.0,1.0,78.0,312.0,0.0,3.0,6.0,1.0,5.0,401.0,8.0,2.0
241,1036572,Burnley vs Newcastle,56.0,5.0,13.0,11.0,2.0,0.0,76.0,318.0,0.0,15.0,12.0,4.0,6.0,416.0,21.0,1.0,44.0,3.0,3.0,12.0,4.0,2.0,67.0,223.0,0.0,10.0,2.0,5.0,0.0,334.0,10.0,0.0
242,1036573,Crystal Palace vs Chelsea,35.0,0.0,0.0,7.0,5.0,1.0,77.0,327.0,0.0,1.0,0.0,1.0,0.0,424.0,1.0,1.0,65.0,7.0,8.0,13.0,0.0,2.0,90.0,687.0,0.0,19.0,6.0,10.0,4.0,766.0,23.0,0.0
243,1036574,Fulham vs Wolves,49.0,4.0,3.0,11.0,2.0,3.0,84.0,364.0,0.0,9.0,7.0,3.0,5.0,431.0,14.0,0.0,51.0,0.0,4.0,8.0,3.0,1.0,83.0,366.0,0.0,5.0,4.0,3.0,2.0,441.0,7.0,0.0
244,1036575,Liverpool vs Aston Villa,66.0,7.0,7.0,16.0,4.0,2.0,83.0,481.0,0.0,16.0,6.0,9.0,6.0,577.0,22.0,2.0,34.0,0.0,0.0,11.0,7.0,2.0,67.0,193.0,0.0,6.0,4.0,5.0,3.0,288.0,9.0,4.0
245,1036576,Man City vs Leeds,71.0,11.0,9.0,12.0,0.0,2.0,90.0,553.0,0.0,14.0,11.0,7.0,15.0,615.0,29.0,3.0,29.0,0.0,3.0,15.0,6.0,3.0,68.0,172.0,1.0,0.0,0.0,2.0,2.0,252.0,2.0,1.0
246,1036577,Sheffield United vs Arsenal,45.0,3.0,2.0,9.0,2.0,2.0,85.0,394.0,0.0,5.0,2.0,2.0,2.0,466.0,7.0,0.0,55.0,6.0,4.0,6.0,2.0,3.0,89.0,509.0,0.0,8.0,3.0,5.0,6.0,570.0,14.0,1.0
247,1036579,West Brom vs Southampton,39.0,3.0,5.0,12.0,4.0,4.0,67.0,186.0,0.0,13.0,6.0,6.0,2.0,278.0,15.0,0.0,61.0,0.0,10.0,11.0,3.0,2.0,76.0,326.0,0.0,8.0,10.0,4.0,6.0,430.0,14.0,1.0
248,1036580,West Ham vs Leicester,38.0,0.0,1.0,7.0,2.0,3.0,74.0,251.0,0.0,4.0,0.0,4.0,0.0,337.0,4.0,2.0,62.0,4.0,6.0,13.0,1.0,1.0,84.0,458.0,0.0,5.0,2.0,3.0,4.0,543.0,9.0,3.0
249,1036581,Arsenal vs Fulham,67.0,2.0,4.0,7.0,0.0,5.0,88.0,457.0,0.0,6.0,6.0,2.0,4.0,521.0,10.0,0.0,33.0,2.0,1.0,9.0,2.0,0.0,76.0,190.0,0.0,2.0,0.0,1.0,1.0,250.0,3.0,2.0
250,1036583,Chelsea vs Brighton,64.0,1.0,0.0,8.0,2.0,3.0,89.0,652.0,0.0,6.0,2.0,4.0,1.0,736.0,7.0,2.0,36.0,4.0,2.0,9.0,4.0,0.0,76.0,311.0,1.0,4.0,4.0,2.0,6.0,407.0,10.0,2.0
251,1036584,Everton vs Tottenham,53.0,3.0,6.0,8.0,1.0,2.0,79.0,385.0,0.0,12.0,8.0,7.0,6.0,489.0,18.0,1.0,47.0,5.0,3.0,8.0,5.0,0.0,77.0,330.0,0.0,7.0,4.0,3.0,5.0,431.0,12.0,1.0
252,1036585,Leeds vs Liverpool,61.0,3.0,10.0,7.0,6.0,0.0,83.0,419.0,0.0,12.0,4.0,5.0,0.0,505.0,12.0,2.0,39.0,4.0,8.0,14.0,4.0,4.0,78.0,246.0,0.0,12.0,6.0,7.0,5.0,317.0,17.0,1.0
253,1036586,Leicester vs West Brom,73.0,5.0,6.0,13.0,1.0,1.0,86.0,588.0,0.0,8.0,5.0,7.0,9.0,685.0,17.0,0.0,27.0,0.0,3.0,12.0,4.0,0.0,65.0,157.0,0.0,1.0,2.0,1.0,2.0,243.0,3.0,2.0
254,1036587,Man United vs Burnley,69.0,4.0,8.0,9.0,2.0,2.0,88.0,538.0,0.0,15.0,4.0,9.0,2.0,608.0,17.0,1.0,31.0,3.0,3.0,12.0,5.0,4.0,73.0,194.0,0.0,6.0,4.0,3.0,4.0,264.0,10.0,2.0
255,1036588,Newcastle vs West Ham,34.0,7.0,3.0,9.0,4.0,2.0,74.0,196.0,0.0,7.0,1.0,8.0,9.0,266.0,16.0,1.0,66.0,6.0,8.0,7.0,4.0,0.0,85.0,419.0,1.0,8.0,4.0,6.0,8.0,493.0,16.0,2.0
256,1036590,Wolves vs Sheffield United,47.0,2.0,3.0,8.0,2.0,2.0,86.0,393.0,0.0,9.0,3.0,5.0,1.0,459.0,10.0,1.0,53.0,4.0,3.0,15.0,3.0,2.0,86.0,424.0,0.0,5.0,2.0,2.0,3.0,491.0,8.0,2.0
257,1036591,Arsenal vs Everton,59.0,8.0,7.0,13.0,1.0,2.0,91.0,567.0,0.0,9.0,3.0,3.0,5.0,620.0,14.0,1.0,41.0,4.0,3.0,10.0,3.0,1.0,82.0,356.0,0.0,4.0,3.0,1.0,4.0,435.0,8.0,3.0
258,1036592,Aston Villa vs West Brom,70.0,6.0,11.0,14.0,3.0,2.0,85.0,450.0,0.0,16.0,7.0,11.0,8.0,531.0,24.0,0.0,30.0,1.0,4.0,9.0,9.0,1.0,60.0,140.0,0.0,4.0,5.0,4.0,6.0,233.0,10.0,2.0
259,1036593,Fulham vs Tottenham,59.0,1.0,4.0,12.0,2.0,4.0,83.0,437.0,0.0,7.0,7.0,3.0,4.0,526.0,11.0,1.0,41.0,2.0,1.0,9.0,3.0,2.0,73.0,269.0,0.0,5.0,5.0,2.0,4.0,370.0,9.0,1.0
260,1036594,Leeds vs Man United,44.0,2.0,2.0,21.0,4.0,2.0,77.0,293.0,0.0,3.0,1.0,3.0,3.0,379.0,6.0,4.0,56.0,5.0,6.0,11.0,3.0,0.0,85.0,405.0,0.0,9.0,7.0,4.0,7.0,476.0,16.0,1.0
261,1036595,Leicester vs Crystal Palace,67.0,2.0,7.0,13.0,1.0,2.0,84.0,500.0,0.0,9.0,6.0,5.0,4.0,597.0,13.0,0.0,33.0,1.0,2.0,12.0,3.0,3.0,64.0,192.0,0.0,3.0,1.0,2.0,1.0,298.0,4.0,1.0
262,1036596,Liverpool vs Newcastle,68.0,5.0,6.0,9.0,3.0,1.0,91.0,713.0,0.0,13.0,8.0,9.0,9.0,785.0,22.0,2.0,32.0,2.0,3.0,7.0,8.0,4.0,79.0,271.0,0.0,6.0,1.0,4.0,1.0,341.0,7.0,1.0
263,1036597,Man City vs Southampton,58.0,2.0,5.0,6.0,4.0,1.0,91.0,606.0,0.0,11.0,5.0,10.0,6.0,665.0,17.0,1.0,42.0,2.0,5.0,4.0,5.0,4.0,83.0,395.0,0.0,7.0,3.0,6.0,4.0,475.0,11.0,0.0
264,1036598,Sheffield United vs Brighton,31.0,3.0,2.0,13.0,4.0,0.0,68.0,199.0,0.0,5.0,1.0,3.0,2.0,292.0,7.0,3.0,69.0,5.0,12.0,7.0,2.0,1.0,87.0,544.0,0.0,12.0,8.0,4.0,5.0,626.0,17.0,0.0
265,1036599,West Ham vs Chelsea,44.0,3.0,4.0,9.0,5.0,3.0,77.0,340.0,1.0,4.0,4.0,2.0,5.0,440.0,9.0,0.0,56.0,5.0,2.0,10.0,2.0,3.0,84.0,470.0,0.0,9.0,5.0,6.0,7.0,559.0,16.0,3.0
266,1036600,Wolves vs Burnley,58.0,5.0,8.0,8.0,3.0,2.0,78.0,355.0,0.0,4.0,5.0,2.0,8.0,457.0,12.0,1.0,42.0,1.0,5.0,9.0,2.0,2.0,72.0,232.0,0.0,8.0,6.0,7.0,6.0,324.0,14.0,2.0
267,1036601,Brighton vs Leeds,42.0,4.0,2.0,17.0,2.0,0.0,80.0,270.0,0.0,12.0,8.0,5.0,5.0,337.0,17.0,1.0,58.0,4.0,9.0,6.0,3.0,1.0,82.0,358.0,0.0,6.0,5.0,2.0,5.0,434.0,11.0,1.0
268,1036602,Burnley vs West Ham,44.0,2.0,5.0,4.0,2.0,2.0,71.0,298.0,0.0,7.0,3.0,3.0,1.0,420.0,8.0,2.0,56.0,6.0,4.0,8.0,1.0,2.0,79.0,421.0,0.0,13.0,12.0,4.0,9.0,536.0,22.0,1.0
269,1036603,Chelsea vs Fulham,48.0,1.0,1.0,15.0,3.0,7.0,85.0,422.0,0.0,4.0,0.0,4.0,1.0,497.0,5.0,1.0,52.0,3.0,8.0,8.0,2.0,1.0,85.0,431.0,0.0,5.0,4.0,3.0,5.0,505.0,10.0,1.0
270,1036604,Crystal Palace vs Man City,30.0,1.0,2.0,9.0,1.0,3.0,73.0,214.0,0.0,3.0,4.0,4.0,6.0,293.0,9.0,2.0,70.0,7.0,6.0,10.0,4.0,1.0,87.0,596.0,0.0,17.0,10.0,3.0,3.0,682.0,20.0,0.0
271,1036605,Everton vs Aston Villa,47.0,6.0,3.0,10.0,3.0,2.0,82.0,343.0,0.0,9.0,7.0,3.0,7.0,420.0,16.0,0.0,53.0,3.0,6.0,13.0,2.0,2.0,81.0,374.0,0.0,7.0,5.0,5.0,6.0,459.0,13.0,2.0
272,1036608,Southampton vs Leicester,29.0,2.0,0.0,9.0,8.0,1.0,66.0,177.0,1.0,3.0,0.0,3.0,2.0,268.0,5.0,1.0,71.0,4.0,10.0,13.0,2.0,5.0,85.0,529.0,0.0,11.0,9.0,9.0,11.0,626.0,22.0,0.0
273,1036609,Tottenham vs Sheffield United,66.0,3.0,6.0,8.0,1.0,3.0,91.0,648.0,0.0,10.0,6.0,11.0,10.0,711.0,20.0,1.0,34.0,4.0,6.0,9.0,6.0,0.0,77.0,258.0,0.0,5.0,3.0,1.0,3.0,337.0,8.0,1.0
274,1036610,West Brom vs Wolves,42.0,1.0,5.0,17.0,9.0,1.0,71.0,235.0,0.0,6.0,5.0,4.0,4.0,329.0,10.0,2.0,58.0,4.0,5.0,11.0,2.0,2.0,78.0,361.0,0.0,13.0,6.0,10.0,7.0,464.0,20.0,0.0
275,1036612,Aston Villa vs Man United,41.0,3.0,5.0,13.0,4.0,0.0,80.0,300.0,1.0,5.0,3.0,5.0,6.0,375.0,11.0,3.0,59.0,7.0,6.0,18.0,5.0,0.0,86.0,470.0,0.0,11.0,4.0,7.0,7.0,547.0,18.0,1.0
276,1036614,Leeds vs Tottenham,53.0,4.0,8.0,12.0,2.0,1.0,80.0,350.0,0.0,12.0,5.0,7.0,4.0,440.0,16.0,1.0,47.0,4.0,6.0,10.0,5.0,2.0,75.0,291.0,0.0,7.0,4.0,3.0,4.0,390.0,11.0,2.0
277,1036615,Leicester vs Newcastle,68.0,9.0,9.0,12.0,2.0,2.0,87.0,516.0,0.0,18.0,7.0,9.0,7.0,595.0,25.0,1.0,32.0,4.0,6.0,9.0,7.0,1.0,70.0,189.0,0.0,9.0,4.0,6.0,5.0,269.0,14.0,1.0
278,1036616,Liverpool vs Southampton,53.0,3.0,8.0,10.0,6.0,4.0,87.0,479.0,0.0,12.0,5.0,6.0,2.0,550.0,14.0,0.0,47.0,2.0,4.0,6.0,4.0,1.0,83.0,398.0,0.0,6.0,4.0,6.0,6.0,477.0,12.0,1.0
279,1036617,Man City vs Chelsea,48.0,6.0,6.0,12.0,3.0,1.0,91.0,479.0,0.0,8.0,6.0,4.0,8.0,527.0,16.0,2.0,52.0,3.0,2.0,10.0,3.0,5.0,90.0,498.0,0.0,5.0,4.0,5.0,7.0,553.0,12.0,0.0
280,1036618,Sheffield United vs Crystal Palace,49.0,1.0,5.0,11.0,6.0,2.0,81.0,329.0,0.0,6.0,6.0,0.0,1.0,407.0,7.0,1.0,51.0,6.0,11.0,8.0,0.0,1.0,79.0,329.0,0.0,16.0,7.0,8.0,5.0,417.0,21.0,1.0
281,1036619,West Ham vs Everton,68.0,5.0,5.0,8.0,2.0,2.0,90.0,546.0,0.0,8.0,6.0,0.0,3.0,606.0,11.0,2.0,32.0,2.0,6.0,10.0,0.0,2.0,74.0,206.0,0.0,7.0,4.0,3.0,2.0,278.0,9.0,1.0
282,1036620,Wolves vs Brighton,60.0,7.0,10.0,12.0,2.0,0.0,89.0,496.0,0.0,9.0,3.0,6.0,7.0,560.0,16.0,2.0,40.0,1.0,5.0,7.0,4.0,2.0,82.0,304.0,1.0,5.0,1.0,3.0,0.0,371.0,5.0,2.0
283,1036624,Man United vs Leicester,52.0,0.0,3.0,9.0,1.0,3.0,82.0,443.0,0.0,4.0,3.0,1.0,0.0,540.0,4.0,0.0,48.0,6.0,4.0,12.0,0.0,0.0,83.0,406.0,0.0,4.0,3.0,3.0,8.0,491.0,12.0,0.0
284,1036626,Chelsea vs Arsenal,67.0,5.0,9.0,7.0,2.0,4.0,90.0,678.0,0.0,14.0,9.0,5.0,5.0,755.0,19.0,0.0,33.0,2.0,1.0,6.0,4.0,2.0,80.0,292.0,0.0,3.0,1.0,2.0,2.0,365.0,5.0,1.0
285,1042518,Man City vs Aston Villa,69.0,12.0,16.0,9.0,4.0,3.0,88.0,512.0,0.0,20.0,7.0,9.0,8.0,585.0,28.0,0.0,31.0,3.0,2.0,8.0,7.0,1.0,71.0,192.0,0.0,6.0,4.0,4.0,5.0,269.0,11.0,2.0
